Workbook

Sheet Painel
A1: CONTROLE DE ESTOQUE - TINTAS E INFLAMAVEIS
A3: Produtos Cadastrados =COUNTA(Cadastro_Produtos!A6:A2000) | D3: Lotes Cadastrados =COUNTA(Estoque_Validades!C6:C5000) | G3: Saldo Total (Unid.) =SUM(Estoque_Validades!J6:J5000)
A6: Vencidos =COUNTIF(Estoque_Validades!F6:F5000,"VENCIDO") | D6: Vence em ate 30 dias =COUNTIF(Estoque_Validades!F6:F5000,"VENCE EM <= 30 DIAS") | G6: Abaixo do Estoque Minimo =COUNTIF(Estoque_Validades!K6:K5000,"ABAIXO DO MINIMO")
A10: Ir para Cadastro de Produtos | D10: Ir para Movimentacoes | G10: Ir para Estoque e Validades
A12: Ir para Instrucoes de Uso

Sheet Cadastro_Produtos
A1: CADASTRO DE PRODUTOS
A3: Preencha os produtos a partir da linha 6.
A5: ID_Produto | B5: Produto | C5: Categoria | D5: Unidade | E5: Estoque_Minimo | F5: Local_Armazenagem | G5: Observacoes
A6: PRD001 | B6: Tinta Epoxi Azul | C6: TINTA | D6: L | E6: 20 | F6: Dep. A - Prateleira 1 | G6: Exemplo

Sheet Movimentacoes
A1: LANCAMENTO DE MOVIMENTACOES
A3: Registre ENTRADA, SAIDA_USO e SAIDA_DESCARTE a partir da linha 6.
A5: Data | B5: Tipo | C5: ID_Produto | D5: Produto | E5: Lote | F5: Validade | G5: Quantidade | H5: Responsavel | I5: Destino_ou_Motivo | J5: Observacoes
A6: 10/03/2026 | B6: ENTRADA | C6: PRD001 | D6: =IFERROR(VLOOKUP(C6,Cadastro_Produtos!A:B,2,FALSE),"") | E6: LOT-001 | F6: 20/06/2026 | G6: 50 | H6: Almoxarife | I6: Entrada inicial | J6: Exemplo
D7: =IFERROR(VLOOKUP(C7,Cadastro_Produtos!A:B,2,FALSE),"")
D8: =IFERROR(VLOOKUP(C8,Cadastro_Produtos!A:B,2,FALSE),"")
D9: =IFERROR(VLOOKUP(C9,Cadastro_Produtos!A:B,2,FALSE),"")
D10: =IFERROR(VLOOKUP(C10,Cadastro_Produtos!A:B,2,FALSE),"")
D11: =IFERROR(VLOOKUP(C11,Cadastro_Produtos!A:B,2,FALSE),"")
D12: =IFERROR(VLOOKUP(C12,Cadastro_Produtos!A:B,2,FALSE),"")
D13: =IFERROR(VLOOKUP(C13,Cadastro_Produtos!A:B,2,FALSE),"")
D14: =IFERROR(VLOOKUP(C14,Cadastro_Produtos!A:B,2,FALSE),"")
D15: =IFERROR(VLOOKUP(C15,Cadastro_Produtos!A:B,2,FALSE),"")
D16: =IFERROR(VLOOKUP(C16,Cadastro_Produtos!A:B,2,FALSE),"")
D17: =IFERROR(VLOOKUP(C17,Cadastro_Produtos!A:B,2,FALSE),"")
D18: =IFERROR(VLOOKUP(C18,Cadastro_Produtos!A:B,2,FALSE),"")
... D5000: =IFERROR(VLOOKUP(C5000,Cadastro_Produtos!A:B,2,FALSE),"")

Sheet Estoque_Validades
A1: ESTOQUE, ALERTAS E VALIDADES POR LOTE
A3: Cadastre cada lote uma vez e o saldo sera calculado automaticamente pelas movimentacoes.
A5: ID_Produto | B5: Produto | C5: Lote | D5: Validade | E5: Dias_para_Vencer | F5: Status_Validade | G5: Entradas | H5: Saida_Uso | I5: Saida_Descarte | J5: Saldo | K5: Alerta_Estoque
A6: PRD001 | B6: =IFERROR(VLOOKUP(A6,Cadastro_Produtos!A:B,2,FALSE),"") | C6: LOT-001 | D6: 20/06/2026 | E6: =IF(D6="","",D6-TODAY()) | F6: =IF(D6="","",IF(E6<0,"VENCIDO",IF(E6<=30,"VENCE EM <= 30 DIAS",IF(E6<=60,"ATENCAO (31-60 DIAS)","OK")))) | G6: =SUMIFS(Movimentacoes!$G:$G,Movimentacoes!$C:$C,$A6,Movimentacoes!$E:$E,$C6,Movimentacoes!$B:$B,"ENTRADA") | H6: =SUMIFS(Movimentacoes!$G:$G,Movimentacoes!$C:$C,$A6,Movimentacoes!$E:$E,$C6,Movimentacoes!$B:$B,"SAIDA_USO") | I6: =SUMIFS(Movimentacoes!$G:$G,Movimentacoes!$C:$C,$A6,Movimentacoes!$E:$E,$C6,Movimentacoes!$B:$B,"SAIDA_DESCARTE") | J6: =G6-H6-I6 | K6: =IF(A6="","",IF(J6<=IFERROR(VLOOKUP(A6,Cadastro_Produtos!$A:$E,5,FALSE),0),"ABAIXO DO MINIMO","OK"))
B7: =IFERROR(VLOOKUP(A7,Cadastro_Produtos!A:B,2,FALSE),"") | E7: =IF(D7="","",D7-TODAY()) | F7: =IF(D7="","",IF(E7<0,"VENCIDO",IF(E7<=30,"VENCE EM <= 30 DIAS",IF(E7<=60,"ATENCAO (31-60 DIAS)","OK")))) | G7: =SUMIFS(Movimentacoes!$G:$G,Movimentacoes!$C:$C,$A7,Movimentacoes!$E:$E,$C7,Movimentacoes!$B:$B,"ENTRADA") | H7: =SUMIFS(Movimentacoes!$G:$G,Movimentacoes!$C:$C,$A7,Movimentacoes!$E:$E,$C7,Movimentacoes!$B:$B,"SAIDA_USO") | I7: =SUMIFS(Movimentacoes!$G:$G,Movimentacoes!$C:$C,$A7,Movimentacoes!$E:$E,$C7,Movimentacoes!$B:$B,"SAIDA_DESCARTE") | J7: =G7-H7-I7 | K7: =IF(A7="","",IF(J7<=IFERROR(VLOOKUP(A7,Cadastro_Produtos!$A:$E,5,FALSE),0),"ABAIXO DO MINIMO","OK"))
B8: =IFERROR(VLOOKUP(A8,Cadastro_Produtos!A:B,2,FALSE),"") | E8: =IF(D8="","",D8-TODAY()) | F8: =IF(D8="","",IF(E8<0,"VENCIDO",IF(E8<=30,"VENCE EM <= 30 DIAS",IF(E8<=60,"ATENCAO (31-60 DIAS)","OK")))) | G8: =SUMIFS(Movimentacoes!$G:$G,Movimentacoes!$C:$C,$A8,Movimentacoes!$E:$E,$C8,Movimentacoes!$B:$B,"ENTRADA") | H8: =SUMIFS(Movimentacoes!$G:$G,Movimentacoes!$C:$C,$A8,Movimentacoes!$E:$E,$C8,Movimentacoes!$B:$B,"SAIDA_USO") | I8: =SUMIFS(Movimentacoes!$G:$G,Movimentacoes!$C:$C,$A8,Movimentacoes!$E:$E,$C8,Movimentacoes!$B:$B,"SAIDA_DESCARTE") | J8: =G8-H8-I8 | K8: =IF(A8="","",IF(J8<=IFERROR(VLOOKUP(A8,Cadastro_Produtos!$A:$E,5,FALSE),0),"ABAIXO DO MINIMO","OK"))
B9: =IFERROR(VLOOKUP(A9,Cadastro_Produtos!A:B,2,FALSE),"") | E9: =IF(D9="","",D9-TODAY()) | F9: =IF(D9="","",IF(E9<0,"VENCIDO",IF(E9<=30,"VENCE EM <= 30 DIAS",IF(E9<=60,"ATENCAO (31-60 DIAS)","OK")))) | G9: =SUMIFS(Movimentacoes!$G:$G,Movimentacoes!$C:$C,$A9,Movimentacoes!$E:$E,$C9,Movimentacoes!$B:$B,"ENTRADA") | H9: =SUMIFS(Movimentacoes!$G:$G,Movimentacoes!$C:$C,$A9,Movimentacoes!$E:$E,$C9,Movimentacoes!$B:$B,"SAIDA_USO") | I9: =SUMIFS(Movimentacoes!$G:$G,Movimentacoes!$C:$C,$A9,Movimentacoes!$E:$E,$C9,Movimentacoes!$B:$B,"SAIDA_DESCARTE") | J9: =G9-H9-I9 | K9: =IF(A9="","",IF(J9<=IFERROR(VLOOKUP(A9,Cadastro_Produtos!$A:$E,5,FALSE),0),"ABAIXO DO MINIMO","OK"))
B10: =IFERROR(VLOOKUP(A10,Cadastro_Produtos!A:B,2,FALSE),"") | E10: =IF(D10="","",D10-TODAY()) | F10: =IF(D10="","",IF(E10<0,"VENCIDO",IF(E10<=30,"VENCE EM <= 30 DIAS",IF(E10<=60,"ATENCAO (31-60 DIAS)","OK")))) | G10: =SUMIFS(Movimentacoes!$G:$G,Movimentacoes!$C:$C,$A10,Movimentacoes!$E:$E,$C10,Movimentacoes!$B:$B,"ENTRADA") | H10: =SUMIFS(Movimentacoes!$G:$G,Movimentacoes!$C:$C,$A10,Movimentacoes!$E:$E,$C10,Movimentacoes!$B:$B,"SAIDA_USO") | I10: =SUMIFS(Movimentacoes!$G:$G,Movimentacoes!$C:$C,$A10,Movimentacoes!$E:$E,$C10,Movimentacoes!$B:$B,"SAIDA_DESCARTE") | J10: =G10-H10-I10 | K10: =IF(A10="","",IF(J10<=IFERROR(VLOOKUP(A10,Cadastro_Produtos!$A:$E,5,FALSE),0),"ABAIXO DO MINIMO","OK"))
B11: =IFERROR(VLOOKUP(A11,Cadastro_Produtos!A:B,2,FALSE),"") | E11: =IF(D11="","",D11-TODAY()) | F11: =IF(D11="","",IF(E11<0,"VENCIDO",IF(E11<=30,"VENCE EM <= 30 DIAS",IF(E11<=60,"ATENCAO (31-60 DIAS)","OK")))) | G11: =SUMIFS(Movimentacoes!$G:$G,Movimentacoes!$C:$C,$A11,Movimentacoes!$E:$E,$C11,Movimentacoes!$B:$B,"ENTRADA") | H11: =SUMIFS(Movimentacoes!$G:$G,Movimentacoes!$C:$C,$A11,Movimentacoes!$E:$E,$C11,Movimentacoes!$B:$B,"SAIDA_USO") | I11: =SUMIFS(Movimentacoes!$G:$G,Movimentacoes!$C:$C,$A11,Movimentacoes!$E:$E,$C11,Movimentacoes!$B:$B,"SAIDA_DESCARTE") | J11: =G11-H11-I11 | K11: =IF(A11="","",IF(J11<=IFERROR(VLOOKUP(A11,Cadastro_Produtos!$A:$E,5,FALSE),0),"ABAIXO DO MINIMO","OK"))
B12: =IFERROR(VLOOKUP(A12,Cadastro_Produtos!A:B,2,FALSE),"") | E12: =IF(D12="","",D12-TODAY()) | F12: =IF(D12="","",IF(E12<0,"VENCIDO",IF(E12<=30,"VENCE EM <= 30 DIAS",IF(E12<=60,"ATENCAO (31-60 DIAS)","OK")))) | G12: =SUMIFS(Movimentacoes!$G:$G,Movimentacoes!$C:$C,$A12,Movimentacoes!$E:$E,$C12,Movimentacoes!$B:$B,"ENTRADA") | H12: =SUMIFS(Movimentacoes!$G:$G,Movimentacoes!$C:$C,$A12,Movimentacoes!$E:$E,$C12,Movimentacoes!$B:$B,"SAIDA_USO") | I12: =SUMIFS(Movimentacoes!$G:$G,Movimentacoes!$C:$C,$A12,Movimentacoes!$E:$E,$C12,Movimentacoes!$B:$B,"SAIDA_DESCARTE") | J12: =G12-H12-I12 | K12: =IF(A12="","",IF(J12<=IFERROR(VLOOKUP(A12,Cadastro_Produtos!$A:$E,5,FALSE),0),"ABAIXO DO MINIMO","OK"))
B13: =IFERROR(VLOOKUP(A13,Cadastro_Produtos!A:B,2,FALSE),"") | E13: =IF(D13="","",D13-TODAY()) | F13: =IF(D13="","",IF(E13<0,"VENCIDO",IF(E13<=30,"VENCE EM <= 30 DIAS",IF(E13<=60,"ATENCAO (31-60 DIAS)","OK")))) | G13: =SUMIFS(Movimentacoes!$G:$G,Movimentacoes!$C:$C,$A13,Movimentacoes!$E:$E,$C13,Movimentacoes!$B:$B,"ENTRADA") | H13: =SUMIFS(Movimentacoes!$G:$G,Movimentacoes!$C:$C,$A13,Movimentacoes!$E:$E,$C13,Movimentacoes!$B:$B,"SAIDA_USO") | I13: =SUMIFS(Movimentacoes!$G:$G,Movimentacoes!$C:$C,$A13,Movimentacoes!$E:$E,$C13,Movimentacoes!$B:$B,"SAIDA_DESCARTE") | J13: =G13-H13-I13 | K13: =IF(A13="","",IF(J13<=IFERROR(VLOOKUP(A13,Cadastro_Produtos!$A:$E,5,FALSE),0),"ABAIXO DO MINIMO","OK"))
B14: =IFERROR(VLOOKUP(A14,Cadastro_Produtos!A:B,2,FALSE),"") | E14: =IF(D14="","",D14-TODAY()) | F14: =IF(D14="","",IF(E14<0,"VENCIDO",IF(E14<=30,"VENCE EM <= 30 DIAS",IF(E14<=60,"ATENCAO (31-60 DIAS)","OK")))) | G14: =SUMIFS(Movimentacoes!$G:$G,Movimentacoes!$C:$C,$A14,Movimentacoes!$E:$E,$C14,Movimentacoes!$B:$B,"ENTRADA") | H14: =SUMIFS(Movimentacoes!$G:$G,Movimentacoes!$C:$C,$A14,Movimentacoes!$E:$E,$C14,Movimentacoes!$B:$B,"SAIDA_USO") | I14: =SUMIFS(Movimentacoes!$G:$G,Movimentacoes!$C:$C,$A14,Movimentacoes!$E:$E,$C14,Movimentacoes!$B:$B,"SAIDA_DESCARTE") | J14: =G14-H14-I14 | K14: =IF(A14="","",IF(J14<=IFERROR(VLOOKUP(A14,Cadastro_Produtos!$A:$E,5,FALSE),0),"ABAIXO DO MINIMO","OK"))
B15: =IFERROR(VLOOKUP(A15,Cadastro_Produtos!A:B,2,FALSE),"") | E15: =IF(D15="","",D15-TODAY()) | F15: =IF(D15="","",IF(E15<0,"VENCIDO",IF(E15<=30,"VENCE EM <= 30 DIAS",IF(E15<=60,"ATENCAO (31-60 DIAS)","OK")))) | G15: =SUMIFS(Movimentacoes!$G:$G,Movimentacoes!$C:$C,$A15,Movimentacoes!$E:$E,$C15,Movimentacoes!$B:$B,"ENTRADA") | H15: =SUMIFS(Movimentacoes!$G:$G,Movimentacoes!$C:$C,$A15,Movimentacoes!$E:$E,$C15,Movimentacoes!$B:$B,"SAIDA_USO") | I15: =SUMIFS(Movimentacoes!$G:$G,Movimentacoes!$C:$C,$A15,Movimentacoes!$E:$E,$C15,Movimentacoes!$B:$B,"SAIDA_DESCARTE") | J15: =G15-H15-I15 | K15: =IF(A15="","",IF(J15<=IFERROR(VLOOKUP(A15,Cadastro_Produtos!$A:$E,5,FALSE),0),"ABAIXO DO MINIMO","OK"))
B16: =IFERROR(VLOOKUP(A16,Cadastro_Produtos!A:B,2,FALSE),"") | E16: =IF(D16="","",D16-TODAY()) | F16: =IF(D16="","",IF(E16<0,"VENCIDO",IF(E16<=30,"VENCE EM <= 30 DIAS",IF(E16<=60,"ATENCAO (31-60 DIAS)","OK")))) | G16: =SUMIFS(Movimentacoes!$G:$G,Movimentacoes!$C:$C,$A16,Movimentacoes!$E:$E,$C16,Movimentacoes!$B:$B,"ENTRADA") | H16: =SUMIFS(Movimentacoes!$G:$G,Movimentacoes!$C:$C,$A16,Movimentacoes!$E:$E,$C16,Movimentacoes!$B:$B,"SAIDA_USO") | I16: =SUMIFS(Movimentacoes!$G:$G,Movimentacoes!$C:$C,$A16,Movimentacoes!$E:$E,$C16,Movimentacoes!$B:$B,"SAIDA_DESCARTE") | J16: =G16-H16-I16 | K16: =IF(A16="","",IF(J16<=IFERROR(VLOOKUP(A16,Cadastro_Produtos!$A:$E,5,FALSE),0),"ABAIXO DO MINIMO","OK"))
B17: =IFERROR(VLOOKUP(A17,Cadastro_Produtos!A:B,2,FALSE),"") | E17: =IF(D17="","",D17-TODAY()) | F17: =IF(D17="","",IF(E17<0,"VENCIDO",IF(E17<=30,"VENCE EM <= 30 DIAS",IF(E17<=60,"ATENCAO (31-60 DIAS)","OK")))) | G17: =SUMIFS(Movimentacoes!$G:$G,Movimentacoes!$C:$C,$A17,Movimentacoes!$E:$E,$C17,Movimentacoes!$B:$B,"ENTRADA") | H17: =SUMIFS(Movimentacoes!$G:$G,Movimentacoes!$C:$C,$A17,Movimentacoes!$E:$E,$C17,Movimentacoes!$B:$B,"SAIDA_USO") | I17: =SUMIFS(Movimentacoes!$G:$G,Movimentacoes!$C:$C,$A17,Movimentacoes!$E:$E,$C17,Movimentacoes!$B:$B,"SAIDA_DESCARTE") | J17: =G17-H17-I17 | K17: =IF(A17="","",IF(J17<=IFERROR(VLOOKUP(A17,Cadastro_Produtos!$A:$E,5,FALSE),0),"ABAIXO DO MINIMO","OK"))
B18: =IFERROR(VLOOKUP(A18,Cadastro_Produtos!A:B,2,FALSE),"") | E18: =IF(D18="","",D18-TODAY()) | F18: =IF(D18="","",IF(E18<0,"VENCIDO",IF(E18<=30,"VENCE EM <= 30 DIAS",IF(E18<=60,"ATENCAO (31-60 DIAS)","OK")))) | G18: =SUMIFS(Movimentacoes!$G:$G,Movimentacoes!$C:$C,$A18,Movimentacoes!$E:$E,$C18,Movimentacoes!$B:$B,"ENTRADA") | H18: =SUMIFS(Movimentacoes!$G:$G,Movimentacoes!$C:$C,$A18,Movimentacoes!$E:$E,$C18,Movimentacoes!$B:$B,"SAIDA_USO") | I18: =SUMIFS(Movimentacoes!$G:$G,Movimentacoes!$C:$C,$A18,Movimentacoes!$E:$E,$C18,Movimentacoes!$B:$B,"SAIDA_DESCARTE") | J18: =G18-H18-I18 | K18: =IF(A18="","",IF(J18<=IFERROR(VLOOKUP(A18,Cadastro_Produtos!$A:$E,5,FALSE),0),"ABAIXO DO MINIMO","OK"))
... B5000: =IFERROR(VLOOKUP(A5000,Cadastro_Produtos!A:B,2,FALSE),"") | E5000: =IF(D5000="","",D5000-TODAY()) | F5000: =IF(D5000="","",IF(E5000<0,"VENCIDO",IF(E5000<=30,"VENCE EM <= 30 DIAS",IF(E5000<=60,"ATENCAO (31-60 DIAS)","OK")))) | G5000: =SUMIFS(Movimentacoes!$G:$G,Movimentacoes!$C:$C,$A5000,Movimentacoes!$E:$E,$C5000,Movimentacoes!$B:$B,"ENTRADA") | H5000: =SUMIFS(Movimentacoes!$G:$G,Movimentacoes!$C:$C,$A5000,Movimentacoes!$E:$E,$C5000,Movimentacoes!$B:$B,"SAIDA_USO") | I5000: =SUMIFS(Movimentacoes!$G:$G,Movimentacoes!$C:$C,$A5000,Movimentacoes!$E:$E,$C5000,Movimentacoes!$B:$B,"SAIDA_DESCARTE") | J5000: =G5000-H5000-I5000 | K5000: =IF(A5000="","",IF(J5000<=IFERROR(VLOOKUP(A5000,Cadastro_Produtos!$A:$E,5,FALSE),0),"ABAIXO DO MINIMO","OK"))

Sheet Instrucoes
A1: INSTRUCOES DE USO
A3: Fluxo recomendado
A5: 1) Aba Cadastro_Produtos: cadastre todos os itens (ID unico, nome, categoria e estoque minimo).
A6: 2) Aba Estoque_Validades: cadastre cada lote (ID produto + lote + validade), uma linha por lote.
A7: 3) Aba Movimentacoes: registre toda ENTRADA, SAIDA_USO e SAIDA_DESCARTE com data, lote e quantidade.
A8: 4) O saldo por lote e os alertas sao automaticos na aba Estoque_Validades.
A9: 5) Alertas de validade: VENCIDO (vermelho), VENCE EM <= 30 DIAS (amarelo), ATENCAO 31-60 dias (laranja claro).
A10: 6) Alerta de estoque minimo: coluna Alerta_Estoque marca ABAIXO DO MINIMO.
A11: 7) Aba Painel: use os botoes verdes para navegar e acompanhar os indicadores gerais.
A12: 8) Recomendacao operacional: registre a movimentacao no mesmo dia para manter o saldo correto.
A13: 9) Para novos produtos, sempre crie o cadastro antes de lancar lote/movimentacao.
A14: 10) Nao altere formulas nas colunas calculadas (Produto, Dias, Status, Entradas, Saidas, Saldo e Alertas).
A18: Dica: filtre as tabelas por status para priorizar produtos vencidos e proximos do vencimento.
