Workbook

Sheet Inicio
A1: SISTEMA DE CONTROLE DE ESTOQUE - TINTAS E INFLAMAVEIS | L1: CONTROLE DE ESTOQUE - TINTAS E INFLAMAVEIS
L2: Aba atual: Inicio | O2: Atualizado: 10/03/2026 22:50
A3: Produtos =COUNTA(Produtos!A7:A3000) | D3: Lotes =COUNTA(Lotes!C7:C8000) | G3: Saldo Total =SUM(Estoque_Alertas!J7:J8000) | L3: << Anterior | N3: Inicio | P3: Proxima >>
A6: Vencidos =COUNTIF(Estoque_Alertas!F7:F8000,"VENCIDO") | D6: Vence <=30 dias =COUNTIF(Estoque_Alertas!F7:F8000,"VENCE EM <= 30 DIAS") | G6: Abaixo Minimo =COUNTIF(Estoque_Alertas!K7:K8000,"ABAIXO DO MINIMO")
A10: 1) Cadastrar Produtos | D10: 2) Cadastrar Lotes | G10: 3) Lancar Movimentacoes
A12: 4) Ver Estoque e Alertas | F12: 5) Ler Instrucoes

Sheet Produtos
A1: PASSO 1 - CADASTRO DE PRODUTOS | L1: CONTROLE DE ESTOQUE - TINTAS E INFLAMAVEIS
L2: Aba atual: Produtos | O2: Atualizado: 10/03/2026 22:50
A3: Preencha uma linha por produto a partir da linha 7. | L3: << Anterior | N3: Inicio | P3: Proxima >>
A6: ID_Produto | B6: Nome | C6: Categoria | D6: Unidade | E6: Estoque_Minimo | F6: Local | G6: Observacoes
A7: PRD001 | B7: Tinta Poliuretano Branca | C7: TINTA | D7: L | E7: 20 | F7: Deposito A | G7: Exemplo

Sheet Lotes
A1: PASSO 2 - CADASTRO DE LOTES | L1: CONTROLE DE ESTOQUE - TINTAS E INFLAMAVEIS
L2: Aba atual: Lotes | O2: Atualizado: 10/03/2026 22:50
A3: Cada lote deve ser cadastrado uma unica vez (ID_Produto + Lote + Validade). | L3: << Anterior | N3: Inicio | P3: Proxima >>
A6: ID_Produto | B6: Produto | C6: Lote | D6: Fabricacao | E6: Validade | F6: Fornecedor | G6: Nota_Fiscal | H6: Obs
A7: PRD001 | B7: =IFERROR(VLOOKUP(A7,Produtos!A:B,2,FALSE),"") | C7: LOT001 | D7: 01/01/2026 | E7: 30/06/2026 | F7: Fornecedor Exemplo | G7: NF0001 | H7: Exemplo
B8: =IFERROR(VLOOKUP(A8,Produtos!A:B,2,FALSE),"")
B9: =IFERROR(VLOOKUP(A9,Produtos!A:B,2,FALSE),"")
B10: =IFERROR(VLOOKUP(A10,Produtos!A:B,2,FALSE),"")
B11: =IFERROR(VLOOKUP(A11,Produtos!A:B,2,FALSE),"")
B12: =IFERROR(VLOOKUP(A12,Produtos!A:B,2,FALSE),"")
B13: =IFERROR(VLOOKUP(A13,Produtos!A:B,2,FALSE),"")
B14: =IFERROR(VLOOKUP(A14,Produtos!A:B,2,FALSE),"")
B15: =IFERROR(VLOOKUP(A15,Produtos!A:B,2,FALSE),"")
B16: =IFERROR(VLOOKUP(A16,Produtos!A:B,2,FALSE),"")
B17: =IFERROR(VLOOKUP(A17,Produtos!A:B,2,FALSE),"")
B18: =IFERROR(VLOOKUP(A18,Produtos!A:B,2,FALSE),"")
B19: =IFERROR(VLOOKUP(A19,Produtos!A:B,2,FALSE),"")
... B8000: =IFERROR(VLOOKUP(A8000,Produtos!A:B,2,FALSE),"")

Sheet Lancamentos
A1: PASSO 3 - LANCAMENTOS DE ENTRADA E SAIDAS | L1: CONTROLE DE ESTOQUE - TINTAS E INFLAMAVEIS
L2: Aba atual: Lancamentos | O2: Atualizado: 10/03/2026 22:50
A3: Registre ENTRADA, SAIDA_USO e SAIDA_DESCARTE. | L3: << Anterior | N3: Inicio | P3: Proxima >>
A4: AREA DE DIGITACAO (linha 7 em diante)
A6: Data | B6: Tipo | C6: ID_Produto | D6: Produto | E6: Lote | F6: Validade | G6: Quantidade | H6: Responsavel | I6: Destino/Motivo | J6: Obs
A7: 10/03/2026 | B7: ENTRADA | C7: PRD001 | D7: =IFERROR(VLOOKUP(C7,Produtos!A:B,2,FALSE),"") | E7: LOT001 | F7: =IFERROR(INDEX(Lotes!$E:$E,MATCH(1,(Lotes!$A:$A=C7)*(Lotes!$C:$C=E7),0)),"") | G7: 50 | H7: Almoxarife | I7: Entrada inicial | J7: Exemplo
D8: =IFERROR(VLOOKUP(C8,Produtos!A:B,2,FALSE),"") | F8: =IFERROR(INDEX(Lotes!$E:$E,MATCH(1,(Lotes!$A:$A=C8)*(Lotes!$C:$C=E8),0)),"")
D9: =IFERROR(VLOOKUP(C9,Produtos!A:B,2,FALSE),"") | F9: =IFERROR(INDEX(Lotes!$E:$E,MATCH(1,(Lotes!$A:$A=C9)*(Lotes!$C:$C=E9),0)),"")
D10: =IFERROR(VLOOKUP(C10,Produtos!A:B,2,FALSE),"") | F10: =IFERROR(INDEX(Lotes!$E:$E,MATCH(1,(Lotes!$A:$A=C10)*(Lotes!$C:$C=E10),0)),"")
D11: =IFERROR(VLOOKUP(C11,Produtos!A:B,2,FALSE),"") | F11: =IFERROR(INDEX(Lotes!$E:$E,MATCH(1,(Lotes!$A:$A=C11)*(Lotes!$C:$C=E11),0)),"")
D12: =IFERROR(VLOOKUP(C12,Produtos!A:B,2,FALSE),"") | F12: =IFERROR(INDEX(Lotes!$E:$E,MATCH(1,(Lotes!$A:$A=C12)*(Lotes!$C:$C=E12),0)),"")
D13: =IFERROR(VLOOKUP(C13,Produtos!A:B,2,FALSE),"") | F13: =IFERROR(INDEX(Lotes!$E:$E,MATCH(1,(Lotes!$A:$A=C13)*(Lotes!$C:$C=E13),0)),"")
D14: =IFERROR(VLOOKUP(C14,Produtos!A:B,2,FALSE),"") | F14: =IFERROR(INDEX(Lotes!$E:$E,MATCH(1,(Lotes!$A:$A=C14)*(Lotes!$C:$C=E14),0)),"")
D15: =IFERROR(VLOOKUP(C15,Produtos!A:B,2,FALSE),"") | F15: =IFERROR(INDEX(Lotes!$E:$E,MATCH(1,(Lotes!$A:$A=C15)*(Lotes!$C:$C=E15),0)),"")
D16: =IFERROR(VLOOKUP(C16,Produtos!A:B,2,FALSE),"") | F16: =IFERROR(INDEX(Lotes!$E:$E,MATCH(1,(Lotes!$A:$A=C16)*(Lotes!$C:$C=E16),0)),"")
D17: =IFERROR(VLOOKUP(C17,Produtos!A:B,2,FALSE),"") | F17: =IFERROR(INDEX(Lotes!$E:$E,MATCH(1,(Lotes!$A:$A=C17)*(Lotes!$C:$C=E17),0)),"")
D18: =IFERROR(VLOOKUP(C18,Produtos!A:B,2,FALSE),"") | F18: =IFERROR(INDEX(Lotes!$E:$E,MATCH(1,(Lotes!$A:$A=C18)*(Lotes!$C:$C=E18),0)),"")
D19: =IFERROR(VLOOKUP(C19,Produtos!A:B,2,FALSE),"") | F19: =IFERROR(INDEX(Lotes!$E:$E,MATCH(1,(Lotes!$A:$A=C19)*(Lotes!$C:$C=E19),0)),"")
... D12000: =IFERROR(VLOOKUP(C12000,Produtos!A:B,2,FALSE),"") | F12000: =IFERROR(INDEX(Lotes!$E:$E,MATCH(1,(Lotes!$A:$A=C12000)*(Lotes!$C:$C=E12000),0)),"")

Sheet Estoque_Alertas
A1: PASSO 4 - ESTOQUE E ALERTAS AUTOMATICOS | L1: CONTROLE DE ESTOQUE - TINTAS E INFLAMAVEIS
L2: Aba atual: Estoque_Alertas | O2: Atualizado: 10/03/2026 22:50
A3: Nao editar colunas calculadas. Cadastre somente ID_Produto e Lote quando for novo lote. | L3: << Anterior | N3: Inicio | P3: Proxima >>
A6: ID_Produto | B6: Produto | C6: Lote | D6: Validade | E6: Dias | F6: Status_Validade | G6: Entradas | H6: Saida_Uso | I6: Saida_Descarte | J6: Saldo | K6: Alerta_Estoque
A7: PRD001 | B7: =IFERROR(VLOOKUP(A7,Produtos!A:B,2,FALSE),"") | C7: LOT001 | D7: =IFERROR(INDEX(Lotes!$E:$E,MATCH(1,(Lotes!$A:$A=A7)*(Lotes!$C:$C=C7),0)),"") | E7: =IF(D7="","",D7-TODAY()) | F7: =IF(D7="","",IF(E7<0,"VENCIDO",IF(E7<=30,"VENCE EM <= 30 DIAS",IF(E7<=60,"ATENCAO (31-60 DIAS)","OK")))) | G7: =SUMIFS(Lancamentos!$G:$G,Lancamentos!$C:$C,$A7,Lancamentos!$E:$E,$C7,Lancamentos!$B:$B,"ENTRADA") | H7: =SUMIFS(Lancamentos!$G:$G,Lancamentos!$C:$C,$A7,Lancamentos!$E:$E,$C7,Lancamentos!$B:$B,"SAIDA_USO") | I7: =SUMIFS(Lancamentos!$G:$G,Lancamentos!$C:$C,$A7,Lancamentos!$E:$E,$C7,Lancamentos!$B:$B,"SAIDA_DESCARTE") | J7: =G7-H7-I7 | K7: =IF(A7="","",IF(J7<=IFERROR(VLOOKUP(A7,Produtos!$A:$E,5,FALSE),0),"ABAIXO DO MINIMO","OK"))
B8: =IFERROR(VLOOKUP(A8,Produtos!A:B,2,FALSE),"") | D8: =IFERROR(INDEX(Lotes!$E:$E,MATCH(1,(Lotes!$A:$A=A8)*(Lotes!$C:$C=C8),0)),"") | E8: =IF(D8="","",D8-TODAY()) | F8: =IF(D8="","",IF(E8<0,"VENCIDO",IF(E8<=30,"VENCE EM <= 30 DIAS",IF(E8<=60,"ATENCAO (31-60 DIAS)","OK")))) | G8: =SUMIFS(Lancamentos!$G:$G,Lancamentos!$C:$C,$A8,Lancamentos!$E:$E,$C8,Lancamentos!$B:$B,"ENTRADA") | H8: =SUMIFS(Lancamentos!$G:$G,Lancamentos!$C:$C,$A8,Lancamentos!$E:$E,$C8,Lancamentos!$B:$B,"SAIDA_USO") | I8: =SUMIFS(Lancamentos!$G:$G,Lancamentos!$C:$C,$A8,Lancamentos!$E:$E,$C8,Lancamentos!$B:$B,"SAIDA_DESCARTE") | J8: =G8-H8-I8 | K8: =IF(A8="","",IF(J8<=IFERROR(VLOOKUP(A8,Produtos!$A:$E,5,FALSE),0),"ABAIXO DO MINIMO","OK"))
B9: =IFERROR(VLOOKUP(A9,Produtos!A:B,2,FALSE),"") | D9: =IFERROR(INDEX(Lotes!$E:$E,MATCH(1,(Lotes!$A:$A=A9)*(Lotes!$C:$C=C9),0)),"") | E9: =IF(D9="","",D9-TODAY()) | F9: =IF(D9="","",IF(E9<0,"VENCIDO",IF(E9<=30,"VENCE EM <= 30 DIAS",IF(E9<=60,"ATENCAO (31-60 DIAS)","OK")))) | G9: =SUMIFS(Lancamentos!$G:$G,Lancamentos!$C:$C,$A9,Lancamentos!$E:$E,$C9,Lancamentos!$B:$B,"ENTRADA") | H9: =SUMIFS(Lancamentos!$G:$G,Lancamentos!$C:$C,$A9,Lancamentos!$E:$E,$C9,Lancamentos!$B:$B,"SAIDA_USO") | I9: =SUMIFS(Lancamentos!$G:$G,Lancamentos!$C:$C,$A9,Lancamentos!$E:$E,$C9,Lancamentos!$B:$B,"SAIDA_DESCARTE") | J9: =G9-H9-I9 | K9: =IF(A9="","",IF(J9<=IFERROR(VLOOKUP(A9,Produtos!$A:$E,5,FALSE),0),"ABAIXO DO MINIMO","OK"))
B10: =IFERROR(VLOOKUP(A10,Produtos!A:B,2,FALSE),"") | D10: =IFERROR(INDEX(Lotes!$E:$E,MATCH(1,(Lotes!$A:$A=A10)*(Lotes!$C:$C=C10),0)),"") | E10: =IF(D10="","",D10-TODAY()) | F10: =IF(D10="","",IF(E10<0,"VENCIDO",IF(E10<=30,"VENCE EM <= 30 DIAS",IF(E10<=60,"ATENCAO (31-60 DIAS)","OK")))) | G10: =SUMIFS(Lancamentos!$G:$G,Lancamentos!$C:$C,$A10,Lancamentos!$E:$E,$C10,Lancamentos!$B:$B,"ENTRADA") | H10: =SUMIFS(Lancamentos!$G:$G,Lancamentos!$C:$C,$A10,Lancamentos!$E:$E,$C10,Lancamentos!$B:$B,"SAIDA_USO") | I10: =SUMIFS(Lancamentos!$G:$G,Lancamentos!$C:$C,$A10,Lancamentos!$E:$E,$C10,Lancamentos!$B:$B,"SAIDA_DESCARTE") | J10: =G10-H10-I10 | K10: =IF(A10="","",IF(J10<=IFERROR(VLOOKUP(A10,Produtos!$A:$E,5,FALSE),0),"ABAIXO DO MINIMO","OK"))
B11: =IFERROR(VLOOKUP(A11,Produtos!A:B,2,FALSE),"") | D11: =IFERROR(INDEX(Lotes!$E:$E,MATCH(1,(Lotes!$A:$A=A11)*(Lotes!$C:$C=C11),0)),"") | E11: =IF(D11="","",D11-TODAY()) | F11: =IF(D11="","",IF(E11<0,"VENCIDO",IF(E11<=30,"VENCE EM <= 30 DIAS",IF(E11<=60,"ATENCAO (31-60 DIAS)","OK")))) | G11: =SUMIFS(Lancamentos!$G:$G,Lancamentos!$C:$C,$A11,Lancamentos!$E:$E,$C11,Lancamentos!$B:$B,"ENTRADA") | H11: =SUMIFS(Lancamentos!$G:$G,Lancamentos!$C:$C,$A11,Lancamentos!$E:$E,$C11,Lancamentos!$B:$B,"SAIDA_USO") | I11: =SUMIFS(Lancamentos!$G:$G,Lancamentos!$C:$C,$A11,Lancamentos!$E:$E,$C11,Lancamentos!$B:$B,"SAIDA_DESCARTE") | J11: =G11-H11-I11 | K11: =IF(A11="","",IF(J11<=IFERROR(VLOOKUP(A11,Produtos!$A:$E,5,FALSE),0),"ABAIXO DO MINIMO","OK"))
B12: =IFERROR(VLOOKUP(A12,Produtos!A:B,2,FALSE),"") | D12: =IFERROR(INDEX(Lotes!$E:$E,MATCH(1,(Lotes!$A:$A=A12)*(Lotes!$C:$C=C12),0)),"") | E12: =IF(D12="","",D12-TODAY()) | F12: =IF(D12="","",IF(E12<0,"VENCIDO",IF(E12<=30,"VENCE EM <= 30 DIAS",IF(E12<=60,"ATENCAO (31-60 DIAS)","OK")))) | G12: =SUMIFS(Lancamentos!$G:$G,Lancamentos!$C:$C,$A12,Lancamentos!$E:$E,$C12,Lancamentos!$B:$B,"ENTRADA") | H12: =SUMIFS(Lancamentos!$G:$G,Lancamentos!$C:$C,$A12,Lancamentos!$E:$E,$C12,Lancamentos!$B:$B,"SAIDA_USO") | I12: =SUMIFS(Lancamentos!$G:$G,Lancamentos!$C:$C,$A12,Lancamentos!$E:$E,$C12,Lancamentos!$B:$B,"SAIDA_DESCARTE") | J12: =G12-H12-I12 | K12: =IF(A12="","",IF(J12<=IFERROR(VLOOKUP(A12,Produtos!$A:$E,5,FALSE),0),"ABAIXO DO MINIMO","OK"))
B13: =IFERROR(VLOOKUP(A13,Produtos!A:B,2,FALSE),"") | D13: =IFERROR(INDEX(Lotes!$E:$E,MATCH(1,(Lotes!$A:$A=A13)*(Lotes!$C:$C=C13),0)),"") | E13: =IF(D13="","",D13-TODAY()) | F13: =IF(D13="","",IF(E13<0,"VENCIDO",IF(E13<=30,"VENCE EM <= 30 DIAS",IF(E13<=60,"ATENCAO (31-60 DIAS)","OK")))) | G13: =SUMIFS(Lancamentos!$G:$G,Lancamentos!$C:$C,$A13,Lancamentos!$E:$E,$C13,Lancamentos!$B:$B,"ENTRADA") | H13: =SUMIFS(Lancamentos!$G:$G,Lancamentos!$C:$C,$A13,Lancamentos!$E:$E,$C13,Lancamentos!$B:$B,"SAIDA_USO") | I13: =SUMIFS(Lancamentos!$G:$G,Lancamentos!$C:$C,$A13,Lancamentos!$E:$E,$C13,Lancamentos!$B:$B,"SAIDA_DESCARTE") | J13: =G13-H13-I13 | K13: =IF(A13="","",IF(J13<=IFERROR(VLOOKUP(A13,Produtos!$A:$E,5,FALSE),0),"ABAIXO DO MINIMO","OK"))
B14: =IFERROR(VLOOKUP(A14,Produtos!A:B,2,FALSE),"") | D14: =IFERROR(INDEX(Lotes!$E:$E,MATCH(1,(Lotes!$A:$A=A14)*(Lotes!$C:$C=C14),0)),"") | E14: =IF(D14="","",D14-TODAY()) | F14: =IF(D14="","",IF(E14<0,"VENCIDO",IF(E14<=30,"VENCE EM <= 30 DIAS",IF(E14<=60,"ATENCAO (31-60 DIAS)","OK")))) | G14: =SUMIFS(Lancamentos!$G:$G,Lancamentos!$C:$C,$A14,Lancamentos!$E:$E,$C14,Lancamentos!$B:$B,"ENTRADA") | H14: =SUMIFS(Lancamentos!$G:$G,Lancamentos!$C:$C,$A14,Lancamentos!$E:$E,$C14,Lancamentos!$B:$B,"SAIDA_USO") | I14: =SUMIFS(Lancamentos!$G:$G,Lancamentos!$C:$C,$A14,Lancamentos!$E:$E,$C14,Lancamentos!$B:$B,"SAIDA_DESCARTE") | J14: =G14-H14-I14 | K14: =IF(A14="","",IF(J14<=IFERROR(VLOOKUP(A14,Produtos!$A:$E,5,FALSE),0),"ABAIXO DO MINIMO","OK"))
B15: =IFERROR(VLOOKUP(A15,Produtos!A:B,2,FALSE),"") | D15: =IFERROR(INDEX(Lotes!$E:$E,MATCH(1,(Lotes!$A:$A=A15)*(Lotes!$C:$C=C15),0)),"") | E15: =IF(D15="","",D15-TODAY()) | F15: =IF(D15="","",IF(E15<0,"VENCIDO",IF(E15<=30,"VENCE EM <= 30 DIAS",IF(E15<=60,"ATENCAO (31-60 DIAS)","OK")))) | G15: =SUMIFS(Lancamentos!$G:$G,Lancamentos!$C:$C,$A15,Lancamentos!$E:$E,$C15,Lancamentos!$B:$B,"ENTRADA") | H15: =SUMIFS(Lancamentos!$G:$G,Lancamentos!$C:$C,$A15,Lancamentos!$E:$E,$C15,Lancamentos!$B:$B,"SAIDA_USO") | I15: =SUMIFS(Lancamentos!$G:$G,Lancamentos!$C:$C,$A15,Lancamentos!$E:$E,$C15,Lancamentos!$B:$B,"SAIDA_DESCARTE") | J15: =G15-H15-I15 | K15: =IF(A15="","",IF(J15<=IFERROR(VLOOKUP(A15,Produtos!$A:$E,5,FALSE),0),"ABAIXO DO MINIMO","OK"))
B16: =IFERROR(VLOOKUP(A16,Produtos!A:B,2,FALSE),"") | D16: =IFERROR(INDEX(Lotes!$E:$E,MATCH(1,(Lotes!$A:$A=A16)*(Lotes!$C:$C=C16),0)),"") | E16: =IF(D16="","",D16-TODAY()) | F16: =IF(D16="","",IF(E16<0,"VENCIDO",IF(E16<=30,"VENCE EM <= 30 DIAS",IF(E16<=60,"ATENCAO (31-60 DIAS)","OK")))) | G16: =SUMIFS(Lancamentos!$G:$G,Lancamentos!$C:$C,$A16,Lancamentos!$E:$E,$C16,Lancamentos!$B:$B,"ENTRADA") | H16: =SUMIFS(Lancamentos!$G:$G,Lancamentos!$C:$C,$A16,Lancamentos!$E:$E,$C16,Lancamentos!$B:$B,"SAIDA_USO") | I16: =SUMIFS(Lancamentos!$G:$G,Lancamentos!$C:$C,$A16,Lancamentos!$E:$E,$C16,Lancamentos!$B:$B,"SAIDA_DESCARTE") | J16: =G16-H16-I16 | K16: =IF(A16="","",IF(J16<=IFERROR(VLOOKUP(A16,Produtos!$A:$E,5,FALSE),0),"ABAIXO DO MINIMO","OK"))
B17: =IFERROR(VLOOKUP(A17,Produtos!A:B,2,FALSE),"") | D17: =IFERROR(INDEX(Lotes!$E:$E,MATCH(1,(Lotes!$A:$A=A17)*(Lotes!$C:$C=C17),0)),"") | E17: =IF(D17="","",D17-TODAY()) | F17: =IF(D17="","",IF(E17<0,"VENCIDO",IF(E17<=30,"VENCE EM <= 30 DIAS",IF(E17<=60,"ATENCAO (31-60 DIAS)","OK")))) | G17: =SUMIFS(Lancamentos!$G:$G,Lancamentos!$C:$C,$A17,Lancamentos!$E:$E,$C17,Lancamentos!$B:$B,"ENTRADA") | H17: =SUMIFS(Lancamentos!$G:$G,Lancamentos!$C:$C,$A17,Lancamentos!$E:$E,$C17,Lancamentos!$B:$B,"SAIDA_USO") | I17: =SUMIFS(Lancamentos!$G:$G,Lancamentos!$C:$C,$A17,Lancamentos!$E:$E,$C17,Lancamentos!$B:$B,"SAIDA_DESCARTE") | J17: =G17-H17-I17 | K17: =IF(A17="","",IF(J17<=IFERROR(VLOOKUP(A17,Produtos!$A:$E,5,FALSE),0),"ABAIXO DO MINIMO","OK"))
B18: =IFERROR(VLOOKUP(A18,Produtos!A:B,2,FALSE),"") | D18: =IFERROR(INDEX(Lotes!$E:$E,MATCH(1,(Lotes!$A:$A=A18)*(Lotes!$C:$C=C18),0)),"") | E18: =IF(D18="","",D18-TODAY()) | F18: =IF(D18="","",IF(E18<0,"VENCIDO",IF(E18<=30,"VENCE EM <= 30 DIAS",IF(E18<=60,"ATENCAO (31-60 DIAS)","OK")))) | G18: =SUMIFS(Lancamentos!$G:$G,Lancamentos!$C:$C,$A18,Lancamentos!$E:$E,$C18,Lancamentos!$B:$B,"ENTRADA") | H18: =SUMIFS(Lancamentos!$G:$G,Lancamentos!$C:$C,$A18,Lancamentos!$E:$E,$C18,Lancamentos!$B:$B,"SAIDA_USO") | I18: =SUMIFS(Lancamentos!$G:$G,Lancamentos!$C:$C,$A18,Lancamentos!$E:$E,$C18,Lancamentos!$B:$B,"SAIDA_DESCARTE") | J18: =G18-H18-I18 | K18: =IF(A18="","",IF(J18<=IFERROR(VLOOKUP(A18,Produtos!$A:$E,5,FALSE),0),"ABAIXO DO MINIMO","OK"))
B19: =IFERROR(VLOOKUP(A19,Produtos!A:B,2,FALSE),"") | D19: =IFERROR(INDEX(Lotes!$E:$E,MATCH(1,(Lotes!$A:$A=A19)*(Lotes!$C:$C=C19),0)),"") | E19: =IF(D19="","",D19-TODAY()) | F19: =IF(D19="","",IF(E19<0,"VENCIDO",IF(E19<=30,"VENCE EM <= 30 DIAS",IF(E19<=60,"ATENCAO (31-60 DIAS)","OK")))) | G19: =SUMIFS(Lancamentos!$G:$G,Lancamentos!$C:$C,$A19,Lancamentos!$E:$E,$C19,Lancamentos!$B:$B,"ENTRADA") | H19: =SUMIFS(Lancamentos!$G:$G,Lancamentos!$C:$C,$A19,Lancamentos!$E:$E,$C19,Lancamentos!$B:$B,"SAIDA_USO") | I19: =SUMIFS(Lancamentos!$G:$G,Lancamentos!$C:$C,$A19,Lancamentos!$E:$E,$C19,Lancamentos!$B:$B,"SAIDA_DESCARTE") | J19: =G19-H19-I19 | K19: =IF(A19="","",IF(J19<=IFERROR(VLOOKUP(A19,Produtos!$A:$E,5,FALSE),0),"ABAIXO DO MINIMO","OK"))
... B8000: =IFERROR(VLOOKUP(A8000,Produtos!A:B,2,FALSE),"") | D8000: =IFERROR(INDEX(Lotes!$E:$E,MATCH(1,(Lotes!$A:$A=A8000)*(Lotes!$C:$C=C8000),0)),"") | E8000: =IF(D8000="","",D8000-TODAY()) | F8000: =IF(D8000="","",IF(E8000<0,"VENCIDO",IF(E8000<=30,"VENCE EM <= 30 DIAS",IF(E8000<=60,"ATENCAO (31-60 DIAS)","OK")))) | G8000: =SUMIFS(Lancamentos!$G:$G,Lancamentos!$C:$C,$A8000,Lancamentos!$E:$E,$C8000,Lancamentos!$B:$B,"ENTRADA") | H8000: =SUMIFS(Lancamentos!$G:$G,Lancamentos!$C:$C,$A8000,Lancamentos!$E:$E,$C8000,Lancamentos!$B:$B,"SAIDA_USO") | I8000: =SUMIFS(Lancamentos!$G:$G,Lancamentos!$C:$C,$A8000,Lancamentos!$E:$E,$C8000,Lancamentos!$B:$B,"SAIDA_DESCARTE") | J8000: =G8000-H8000-I8000 | K8000: =IF(A8000="","",IF(J8000<=IFERROR(VLOOKUP(A8000,Produtos!$A:$E,5,FALSE),0),"ABAIXO DO MINIMO","OK"))

Sheet Relatorio
A1: RELATORIO RAPIDO | L1: CONTROLE DE ESTOQUE - TINTAS E INFLAMAVEIS
L2: Aba atual: Relatorio | O2: Atualizado: 10/03/2026 22:50
A3: Indicador | B3: Valor | L3: << Anterior | N3: Inicio | P3: Proxima >>
A4: Produtos cadastrados | B4: =COUNTA(Produtos!A7:A3000)
A5: Lotes ativos | B5: =COUNTA(Estoque_Alertas!C7:C8000)
A6: Saldo total | B6: =SUM(Estoque_Alertas!J7:J8000)
A7: Lotes vencidos | B7: =COUNTIF(Estoque_Alertas!F7:F8000,"VENCIDO")
A8: Vence <=30 dias | B8: =COUNTIF(Estoque_Alertas!F7:F8000,"VENCE EM <= 30 DIAS")
A9: Abaixo do minimo | B9: =COUNTIF(Estoque_Alertas!K7:K8000,"ABAIXO DO MINIMO")

Sheet Como_Usar
A1: INSTRUCOES DE USO (SEM INSTALACAO) | L1: CONTROLE DE ESTOQUE - TINTAS E INFLAMAVEIS
L2: Aba atual: Como_Usar | O2: Atualizado: 10/03/2026 22:50
A3: Fluxo operacional | L3: << Anterior | N3: Inicio | P3: Proxima >>
A5: 1) Abra a aba Inicio e siga os botoes numerados (1 ate 5).
A6: 2) Produtos: cadastrar ID unico, nome, categoria, unidade e estoque minimo.
A7: 3) Lotes: cadastrar cada lote com validade correta.
A8: 4) Lancamentos: registrar todas as entradas e saidas (uso/descarte).
A9: 5) Estoque_Alertas: verificar itens vencidos, proximos do vencimento e abaixo do minimo.
A10: 6) Nunca apague formulas nas colunas calculadas.
A11: 7) Para evitar conflito em rede: apenas 1 pessoa editando por vez.
A12: 8) Salvar diariamente uma copia de backup com data no nome do arquivo.
A13: 9) Em caso de erro de digitacao, corrigir no cadastro/lancamento original.
A14: 10) Recomendado: filtro por Status_Validade para priorizar acao imediata.
A18: Observacao: esta versao funciona apenas com recursos nativos do Excel (sem macros).
